country,total_import_value_usd,total_import_qty_kg,n_partners,n_reporters_sourcing_from,total_named_as_source_value_usd,is_reporter,is_partner_only
China,325186599333.0,553231901236.0,45.0,20.0,70521004.23900001,True,False
USA,174423623898.0,375657066222.0,30.0,55.0,119482589555.597,True,False
India,141532322252.516,241750225067.0,32.0,13.0,93086053.98200001,True,False
Rep. of Korea,85334419380.0,137180040598.918,34.0,4.0,57022057.978999995,True,False
Japan,71811869887.915,114958618700.0,14.0,10.0,63338844.377000004,True,False
Netherlands,49020328699.673,79217946252.0,65.0,17.0,21581471520.942,True,False
Germany,46904080350.831,78536955115.0,33.0,17.0,133964549.907,True,False
Spain,36623430237.102,64431405373.144,35.0,17.0,101129205.723,True,False
Italy,33567611094.439,54544851259.0,36.0,14.0,472739011.31100005,True,False
Thailand,33495252021.0,177761799264.0,29.0,7.0,577324595.37,True,False
United Kingdom,30768618161.552,49583206989.0,20.0,29.0,16427313850.369,True,False
France,29685193775.096,47020133246.088,37.0,16.0,306251694.629,True,False
Singapore,27245983555.963,43505195476.289,42.0,10.0,163790606.98200002,True,False
Taiwan,23874236648.498,45330130000.0,9.0,2.0,1429.275,True,False
Belgium,21915213579.724,33867280155.76,40.0,8.0,911747944.24,True,False
Poland,15192763299.0,24977062651.0,11.0,8.0,86930838.242,True,False
Canada,15154800354.109001,24774635123.581,27.0,20.0,112366329144.436,True,False
Greece,14772480141.183,24648235164.0,15.0,3.0,93592387.069,True,False
Malaysia,13880443833.261,22122672638.0,26.0,14.0,45876689569.085,True,False
Sweden,11262589794.7,17740083875.368,15.0,2.0,55430553.625,True,False
Indonesia,10352976047.0,16856183255.0,23.0,10.0,2764196913.108,True,False
Brazil,8943296861.0,13947911344.188,22.0,24.0,50605704974.165,True,False
Israel,7038699000.0,11504612339.22,1.0,7.0,357368332.34599996,True,False
Portugal,6414373194.54,10687361791.0,11.0,6.0,30719915.740000002,True,False
Pakistan,5608000766.516,9748245000.0,5.0,4.0,187930565.363,True,False
Lithuania,5465581486.0,8804712780.0,6.0,1.0,3.481,True,False
Australia,5378538279.341,9201576099.46,14.0,13.0,6307468788.218,True,False
Finland,5276117698.431,8623708554.171999,6.0,2.0,1189245.7989999999,True,False
South Africa,5170738931.285,8181527087.0,11.0,11.0,34677943.276,True,False
Chile,5152073233.35,8895067611.812,4.0,2.0,94.177,True,False
Romania,4972493450.110001,7164998960.0,13.0,1.0,4908664.0,True,False
Austria,4824818484.738,7668799862.0,16.0,5.0,3308925.9319999996,True,False
Brunei Darussalam,4127827724.246,6485171500.0,12.0,8.0,2120449592.975,True,False
Oman,4054910225.1219997,3101412850.0,8.0,11.0,28949951151.301,True,False
Bulgaria,4035630939.916,6630028418.0,12.0,,,True,False
Czechia,4029827381.0,6502938610.91,12.0,3.0,44719.032999999996,True,False
Peru,3925408300.77,6470716805.4,12.0,7.0,75837177.96,True,False
Philippines,3710128605.0,6483423194.0,8.0,5.0,196727564.865,True,False
Hungary,2928770413.59,5582354269.0,7.0,3.0,3261448.244,True,False
Denmark,2842081552.7850003,4436888885.0,10.0,7.0,755642863.3659999,True,False
Slovakia,2528141500.176,4825703473.208,13.0,1.0,670667.828,True,False
Côte d'Ivoire,2427793266.1800003,3710333003.0,3.0,14.0,1205202513.612,True,False
Qatar,1783427365.243,2872573537.0,23.0,14.0,20737947194.238,True,False
Croatia,1719311482.0,2751768850.18,11.0,3.0,488103040.598,True,False
Serbia,1620298575.0,2636731521.0,8.0,,,True,False
Switzerland,1550960945.442,2586715000.0,6.0,5.0,45267415.622999996,True,False
Ireland,1246881113.146,1910248509.0,6.0,3.0,17671575.303999998,True,False
Jordan,1067255037.6439999,1815936000.0,2.0,2.0,475.308,True,False
Azerbaijan,1020192983.83,1868936100.0,3.0,23.0,14418901694.941,True,False
Uruguay,918734446.0,1481960000.0,5.0,2.0,16366421.53,True,False
Egypt,825180000.0,1313685867.625,3.0,7.0,1157370913.602,True,False
Senegal,810027192.1700001,1175330000.0,2.0,9.0,983571501.707,True,False
Dominican Rep.,801988408.816,1239201428.8,3.0,,,True,False
Sri Lanka,766353167.8939999,1519432796.0,5.0,,,True,False
Norway,722302746.2080001,1138175403.0,4.0,28.0,50043868753.373,True,False
Tunisia,630882151.3970001,1031164222.757,2.0,9.0,392628913.467,True,False
Nicaragua,519278039.5,684474609.733,2.0,1.0,357165523.19,True,False
Jamaica,511577973.37,872448720.13,5.0,2.0,1558.73,True,False
Colombia,460003577.08,736285203.3199999,7.0,13.0,12869416976.022,True,False
Uzbekistan,366900292.99,619563680.0,6.0,,,True,False
Ghana,219226984.429,349042066.8,10.0,12.0,3746587595.27,True,False
Bolivia (Plurinational State of),105973107.0,173241811.01,4.0,1.0,1836503.0,True,False
Georgia,5845497.911,10534268.0,2.0,,,True,False
Guatemala,422735.0,95093.0,6.0,3.0,77281406.59,True,False
Armenia,285128.68,421910.0,1.0,,,True,False
Belize,240011.89,402128.0,1.0,,,True,False
Kyrgyzstan,166427.0,462298.0,1.0,,,True,False
Mozambique,138493.0,44972.0,7.0,2.0,106314342.0,True,False
New Zealand,84846.753,24000.0,3.0,6.0,475196719.37399995,True,False
Fiji,60544.019,47451.1,2.0,,,True,False
Uganda,49988.61,1433.0,3.0,,,True,False
Costa Rica,49404.32,2447.269,4.0,,,True,False
El Salvador,45292.5,32616.78,2.0,1.0,269.168,True,False
Lesotho,19448.079,18171.9,1.0,,,True,False
Burkina Faso,15634.04,24503.0,1.0,,,True,False
Ukraine,14904.14,24371.0,1.0,1.0,98590.0,True,False
Angola,14154.68,3623.833,4.0,18.0,33055511956.291,True,False
United Rep. of Tanzania,11896.152,10814.0,3.0,,,True,False
Luxembourg,11857.24,1965.296,5.0,2.0,79.01400000000001,True,False
Namibia,10886.386,6008.05,4.0,3.0,574.969,True,False
Ecuador,8288.492,959.58,2.0,10.0,10126241005.197,True,False
Guyana,7447.789000000001,1896.4,2.0,22.0,17499772891.227,True,False
Bahamas,7142.0,55000.0,2.0,,,True,False
Rep. of Moldova,7056.0,1770.0,1.0,1.0,654644.23,True,False
Algeria,5564.0,9095.867999999999,4.0,20.0,13208881440.051,True,False
Kazakhstan,4230.24,0.0,3.0,25.0,38197570509.284,True,False
Malawi,3069.479,119000.0,2.0,,,True,False
Trinidad and Tobago,2854.17,46.0,2.0,3.0,1600747832.566,True,False
Maldives,2587.758,418.0,1.0,,,True,False
Cyprus,2138.784,1046.0,1.0,1.0,34591822.016,True,False
Latvia,1559.2369999999999,1667.0,2.0,3.0,488986.77,True,False
Antigua and Barbuda,1189.848,219.919,1.0,1.0,154.074,True,False
Slovenia,1149.047,777.5699999999999,4.0,3.0,82325.535,True,False
Grenada,1102.815,148.88000000000002,3.0,1.0,3.703,True,False
Kenya,864.247,71.0,2.0,,,True,False
Iceland,533.64,12.981,3.0,1.0,94.629,True,False
Cambodia,356.0,5.0,1.0,,,True,False
Morocco,346.133,0.0,1.0,1.0,123.391,True,False
Malta,283.584,10.0,3.0,3.0,96735924.052,True,False
Paraguay,236.55,8.2,1.0,1.0,2780081.0,True,False
Cabo Verde,224.209,75.0,1.0,,,True,False
Montserrat,178.274,6.0,2.0,,,True,False
Bahrain,98.511,82.0,1.0,3.0,876.86,True,False
Central African Rep.,82.47,100.0,1.0,1.0,474380.004,True,False
Estonia,76.63,14.0,1.0,1.0,230.532,True,False
Samoa,1.458,0.0,1.0,,,True,False
Albania,,,,4.0,108800362.87,False,True
"Areas, nes",,,,7.0,7055460332.101001,False,True
Argentina,,,,11.0,5179555027.504,False,True
Aruba,,,,1.0,81.179,False,True
Barbados,,,,2.0,8930488.337,False,True
Br. Virgin Isds,,,,1.0,15096950.0,False,True
Cameroon,,,,9.0,2708938885.363,False,True
Chad,,,,7.0,3178494701.218,False,True
"China, Hong Kong SAR",,,,5.0,21480.874,False,True
Congo,,,,11.0,5431982547.099,False,True
Cuba,,,,1.0,25.08,False,True
Curaçao,,,,2.0,411.692,False,True
Dem. Rep. of the Congo,,,,4.0,598565499.444,False,True
Equatorial Guinea,,,,12.0,2269886288.221,False,True
Eswatini,,,,1.0,28.4,False,True
Gabon,,,,13.0,5243115672.5720005,False,True
Gibraltar,,,,1.0,97.997,False,True
Greenland,,,,1.0,14.504,False,True
Iran,,,,2.0,21003.403,False,True
Iraq,,,,21.0,98168804206.081,False,True
Kuwait,,,,16.0,32827778268.916,False,True
Liberia,,,,3.0,114061892.48500001,False,True
Libya,,,,27.0,27925771665.394997,False,True
Madagascar,,,,1.0,1.96,False,True
Marshall Isds,,,,1.0,1172273.829,False,True
Mauritius,,,,2.0,203.763,False,True
Mexico,,,,11.0,22266888525.387,False,True
Mongolia,,,,1.0,322198066.0,False,True
Myanmar,,,,1.0,1.37,False,True
New Caledonia,,,,1.0,23.053,False,True
Niger,,,,5.0,200201054.17400002,False,True
Nigeria,,,,33.0,40878580095.639,False,True
"Other Europe, nes",,,,5.0,108340924.26099999,False,True
Panama,,,,1.0,32312480.094,False,True
Papua New Guinea,,,,5.0,838152318.498,False,True
Russian Federation,,,,14.0,124342717286.78401,False,True
Sao Tome and Principe,,,,1.0,6308474.576,False,True
Saudi Arabia,,,,29.0,187827157151.267,False,True
South Sudan,,,,3.0,397190027.072,False,True
Sudan,,,,3.0,689055892.687,False,True
Timor-Leste,,,,1.0,64154680.18,False,True
Togo,,,,3.0,8334.455,False,True
Turkmenistan,,,,3.0,174914744.798,False,True
Türkiye,,,,9.0,1223671382.131,False,True
United Arab Emirates,,,,29.0,114595608317.39,False,True
Venezuela,,,,6.0,9817996721.248001,False,True
Viet Nam,,,,8.0,1625814327.633,False,True
